"Expert","Biodiversity","Estimate","Counterfactual","Action","Rating","Comments"
1,"Bull Trout","LOWEST",NA,NA,"1","I have so little expertise on anything other than plants, I feel quite uncomfortable saying. The actions taken would seem to be beneficial for this species."
1,"Bull Trout","HIGHEST",NA,NA,NA,NA
1,"Bull Trout","BEST GUESS",NA,NA,NA,NA
1,"Rainbow Trout","LOWEST",NA,NA,"1","I have so little expertise on anything other than plants, I feel quite uncomfortable saying. The actions taken would seem to be beneficial for this species."
1,"Rainbow Trout","HIGHEST",NA,NA,NA,NA
1,"Rainbow Trout","BEST GUESS",NA,NA,NA,NA
1,"Western Toad","LOWEST",NA,NA,"1","I have so little expertise on anything other than plants, I feel quite uncomfortable saying. The actions taken would seem to be beneficial for this species."
1,"Western Toad","HIGHEST",NA,NA,NA,NA
1,"Western Toad","BEST GUESS",NA,NA,NA,NA
1,"Barn Swallow","LOWEST",NA,NA,"1","I have so little expertise on anything other than plants, I feel quite uncomfortable saying. The actions taken would seem to be beneficial for this species."
1,"Barn Swallow","HIGHEST",NA,NA,NA,NA
1,"Barn Swallow","BEST GUESS",NA,NA,NA,NA
1,"Olive-sided Flycatcher","LOWEST",NA,NA,"1","I have so little expertise on anything other than plants, I feel quite uncomfortable saying. The actions taken would seem to be beneficial for this species."
1,"Olive-sided Flycatcher","HIGHEST",NA,NA,NA,NA
1,"Olive-sided Flycatcher","BEST GUESS",NA,NA,NA,NA
1,"Common Nighthawk","LOWEST",NA,NA,"1","I have so little expertise on anything other than plants, I feel quite uncomfortable saying. The actions taken would seem to be beneficial for this species."
1,"Common Nighthawk","HIGHEST",NA,NA,NA,NA
1,"Common Nighthawk","BEST GUESS",NA,NA,NA,NA
1,"Short-eared Owl","LOWEST",NA,NA,"1","I have so little expertise on anything other than plants, I feel quite uncomfortable saying. The actions taken would seem to be beneficial for this species."
1,"Short-eared Owl","HIGHEST",NA,NA,NA,NA
1,"Short-eared Owl","BEST GUESS",NA,NA,NA,NA
1,"Harris's Sparrow","LOWEST",NA,NA,"1","I have so little expertise on anything other than plants, I feel quite uncomfortable saying. The actions taken would seem to be beneficial for this species."
1,"Harris's Sparrow","HIGHEST",NA,NA,NA,NA
1,"Harris's Sparrow","BEST GUESS",NA,NA,NA,NA
1,"Bank Swallow","LOWEST",NA,NA,"1","I have so little expertise on anything other than plants, I feel quite uncomfortable saying. The actions taken would seem to be beneficial for this species."
1,"Bank Swallow","HIGHEST",NA,NA,NA,NA
1,"Bank Swallow","BEST GUESS",NA,NA,NA,NA
1,"Rusty Blackbird","LOWEST",NA,NA,"1","I have so little expertise on anything other than plants, I feel quite uncomfortable saying. The actions taken would seem to be beneficial for this species."
1,"Rusty Blackbird","HIGHEST",NA,NA,NA,NA
1,"Rusty Blackbird","BEST GUESS",NA,NA,NA,NA
1,"Northern Myotis","LOWEST",NA,NA,"1","I have so little expertise on anything other than plants, I feel quite uncomfortable saying. The actions taken would seem to be beneficial for this species."
1,"Northern Myotis","HIGHEST",NA,NA,NA,NA
1,"Northern Myotis","BEST GUESS",NA,NA,NA,NA
1,"Little Brown Myotis","LOWEST",NA,NA,"1","I have so little expertise on anything other than plants, I feel quite uncomfortable saying. The actions taken would seem to be beneficial for this species."
1,"Little Brown Myotis","HIGHEST",NA,NA,NA,NA
1,"Little Brown Myotis","BEST GUESS",NA,NA,NA,NA
1,"Wolverine","LOWEST",NA,NA,"1","I have so little expertise on anything other than plants, I feel quite uncomfortable saying. The actions taken would seem to be beneficial for this species."
1,"Wolverine","HIGHEST",NA,NA,NA,NA
1,"Wolverine","BEST GUESS",NA,NA,NA,NA
1,"Grizzly Bear","LOWEST",NA,NA,"1","I have so little expertise on anything other than plants, I feel quite uncomfortable saying. The actions taken would seem to be beneficial for this species."
1,"Grizzly Bear","HIGHEST",NA,NA,NA,NA
1,"Grizzly Bear","BEST GUESS",NA,NA,NA,NA
1,"Transverse Lady Beetle","LOWEST",NA,NA,"1","I have so little expertise on anything other than plants, I feel quite uncomfortable saying. The actions taken would seem to be beneficial for this species."
1,"Transverse Lady Beetle","HIGHEST",NA,NA,NA,NA
1,"Transverse Lady Beetle","BEST GUESS",NA,NA,NA,NA
1,"Ashton (Gypsy) Cuckoo Bumble Bee","LOWEST",NA,NA,"1","I have so little expertise on anything other than plants, I feel quite uncomfortable saying. The actions taken would seem to be beneficial for this species."
1,"Ashton (Gypsy) Cuckoo Bumble Bee","HIGHEST",NA,NA,NA,NA
1,"Ashton (Gypsy) Cuckoo Bumble Bee","BEST GUESS",NA,NA,NA,NA
1,"Suckley's Cuckoo Bumble Bee","LOWEST",NA,NA,"1","I have so little expertise on anything other than plants, I feel quite uncomfortable saying. The actions taken would seem to be beneficial for this species."
1,"Suckley's Cuckoo Bumble Bee","HIGHEST",NA,NA,NA,NA
1,"Suckley's Cuckoo Bumble Bee","BEST GUESS",NA,NA,NA,NA
1,"Western Bumble Bee","LOWEST",NA,NA,"1","I have so little expertise on anything other than plants, I feel quite uncomfortable saying. The actions taken would seem to be beneficial for this species."
1,"Western Bumble Bee","HIGHEST",NA,NA,NA,NA
1,"Western Bumble Bee","BEST GUESS",NA,NA,NA,NA
1,"Yellow-banded Bumble Bee","LOWEST",NA,NA,"1","I have so little expertise on anything other than plants, I feel quite uncomfortable saying. The actions taken would seem to be beneficial for this species."
1,"Yellow-banded Bumble Bee","HIGHEST",NA,NA,NA,NA
1,"Yellow-banded Bumble Bee","BEST GUESS",NA,NA,NA,NA
1,"Porsild's Bryum","LOWEST","65","75","6","Reading of the COSEWIC status report on Porsild's Bryum indicates that drought is a major threat. I think the actions taken will help maintain the hydrology necessary for Porsild's Bryum persistence. There are not too many subpopulations of Porsild's Bryum within the scope of assessment though so the impact of these actions will still be somewhat modest for this species."
1,"Porsild's Bryum","HIGHEST","75","85",NA,NA
1,"Porsild's Bryum","BEST GUESS","70","80",NA,NA
1,"Evening Grosbeak","LOWEST",NA,NA,NA,NA
1,"Evening Grosbeak","HIGHEST",NA,NA,NA,NA
1,"Evening Grosbeak","BEST GUESS",NA,NA,NA,NA
2,"Bull Trout","LOWEST","15","25","4","This management action should improve stream quality for this species. However, there persistence in the system will likely be impacted by factors outside of this project (e.g., fishing pressure, warming headwaters, etc)."
2,"Bull Trout","HIGHEST","50","75",NA,NA
2,"Bull Trout","BEST GUESS","25","50",NA,NA
2,"Rainbow Trout","LOWEST","15","25","4","This management action should improve stream quality for this species. However, there persistence in the system will likely be impacted by factors outside of this project (e.g., fishing pressure, warming headwaters, etc)."
2,"Rainbow Trout","HIGHEST","50","75",NA,NA
2,"Rainbow Trout","BEST GUESS","25","50",NA,NA
2,"Western Toad","LOWEST","25","50","4","Upgrading crossing infrastructure could improve habitat quality of the surrounding stream shoreline.  If Western Toad are occupying this stream, there could be some improvements."
2,"Western Toad","HIGHEST","75","80",NA,NA
2,"Western Toad","BEST GUESS","50","75",NA,NA
2,"Barn Swallow","LOWEST","50","50","4","Upgrading crossing infrastructure will likely have litte impact on the amount of available habtiat for this species. External factors outside of this project are likely the dominant threat to persistence."
2,"Barn Swallow","HIGHEST","80","80",NA,NA
2,"Barn Swallow","BEST GUESS","75","75",NA,NA
2,"Olive-sided Flycatcher","LOWEST","50","50","4","Upgrading crossing infrastructure will likely have litte impact on the amount of available habtiat for this species. External factors outside of this project are likely the dominant threat to persistence."
2,"Olive-sided Flycatcher","HIGHEST","80","80",NA,NA
2,"Olive-sided Flycatcher","BEST GUESS","75","75",NA,NA
2,"Common Nighthawk","LOWEST","50","50","4","Upgrading crossing infrastructure will likely have litte impact on the amount of available habtiat for this species. External factors outside of this project are likely the dominant threat to persistence."
2,"Common Nighthawk","HIGHEST","80","80",NA,NA
2,"Common Nighthawk","BEST GUESS","75","75",NA,NA
2,"Short-eared Owl","LOWEST","50","50","4","Upgrading crossing infrastructure will likely have litte impact on the amount of available habtiat for this species. External factors outside of this project are likely the dominant threat to persistence."
2,"Short-eared Owl","HIGHEST","80","80",NA,NA
2,"Short-eared Owl","BEST GUESS","75","75",NA,NA
2,"Harris's Sparrow","LOWEST","50","50","4","Upgrading crossing infrastructure will likely have litte impact on the amount of available habtiat for this species. External factors outside of this project are likely the dominant threat to persistence."
2,"Harris's Sparrow","HIGHEST","80","80",NA,NA
2,"Harris's Sparrow","BEST GUESS","75","75",NA,NA
2,"Bank Swallow","LOWEST","50","50","4","Upgrading crossing infrastructure will likely have litte impact on the amount of available habtiat for this species. External factors outside of this project are likely the dominant threat to persistence."
2,"Bank Swallow","HIGHEST","80","80",NA,NA
2,"Bank Swallow","BEST GUESS","75","75",NA,NA
2,"Rusty Blackbird","LOWEST","50","50","4","Upgrading crossing infrastructure will likely have litte impact on the amount of available habtiat for this species. External factors outside of this project are likely the dominant threat to persistence."
2,"Rusty Blackbird","HIGHEST","80","80",NA,NA
2,"Rusty Blackbird","BEST GUESS","75","75",NA,NA
2,"Northern Myotis","LOWEST","50","50","4","Upgrading crossing infrastructure will likely have litte impact on the amount of available habtiat for this species. External factors outside of this project are likely the dominant threat to persistence."
2,"Northern Myotis","HIGHEST","80","80",NA,NA
2,"Northern Myotis","BEST GUESS","75","75",NA,NA
2,"Little Brown Myotis","LOWEST","50","50","4","Upgrading crossing infrastructure will likely have litte impact on the amount of available habtiat for this species. External factors outside of this project are likely the dominant threat to persistence."
2,"Little Brown Myotis","HIGHEST","80","80",NA,NA
2,"Little Brown Myotis","BEST GUESS","75","75",NA,NA
2,"Wolverine","LOWEST","50","50","4","Upgrading crossing infrastructure will likely have litte impact on the amount of available habtiat for this species. External factors outside of this project are likely the dominant threat to persistence."
2,"Wolverine","HIGHEST","80","80",NA,NA
2,"Wolverine","BEST GUESS","75","75",NA,NA
2,"Grizzly Bear","LOWEST","50","50","4","Upgrading crossing infrastructure will likely have litte impact on the amount of available habtiat for this species. External factors outside of this project are likely the dominant threat to persistence."
2,"Grizzly Bear","HIGHEST","80","80",NA,NA
2,"Grizzly Bear","BEST GUESS","75","75",NA,NA
2,"Transverse Lady Beetle","LOWEST","50","50","4","Upgrading crossing infrastructure will likely have litte impact on the amount of available habtiat for this species. External factors outside of this project are likely the dominant threat to persistence."
2,"Transverse Lady Beetle","HIGHEST","80","80",NA,NA
2,"Transverse Lady Beetle","BEST GUESS","75","75",NA,NA
2,"Ashton (Gypsy) Cuckoo Bumble Bee","LOWEST","50","50","4","Upgrading crossing infrastructure will likely have litte impact on the amount of available habtiat for this species. External factors outside of this project are likely the dominant threat to persistence."
2,"Ashton (Gypsy) Cuckoo Bumble Bee","HIGHEST","80","80",NA,NA
2,"Ashton (Gypsy) Cuckoo Bumble Bee","BEST GUESS","75","75",NA,NA
2,"Suckley's Cuckoo Bumble Bee","LOWEST","50","50","4","Upgrading crossing infrastructure will likely have litte impact on the amount of available habtiat for this species. External factors outside of this project are likely the dominant threat to persistence."
2,"Suckley's Cuckoo Bumble Bee","HIGHEST","80","80",NA,NA
2,"Suckley's Cuckoo Bumble Bee","BEST GUESS","75","75",NA,NA
2,"Western Bumble Bee","LOWEST","50","50","4","Upgrading crossing infrastructure will likely have litte impact on the amount of available habtiat for this species. External factors outside of this project are likely the dominant threat to persistence."
2,"Western Bumble Bee","HIGHEST","80","80",NA,NA
2,"Western Bumble Bee","BEST GUESS","75","75",NA,NA
2,"Yellow-banded Bumble Bee","LOWEST","50","50","4","Upgrading crossing infrastructure will likely have litte impact on the amount of available habtiat for this species. External factors outside of this project are likely the dominant threat to persistence."
2,"Yellow-banded Bumble Bee","HIGHEST","80","80",NA,NA
2,"Yellow-banded Bumble Bee","BEST GUESS","75","75",NA,NA
2,"Porsild's Bryum","LOWEST","50","50","4","Upgrading crossing infrastructure will likely have litte impact on the amount of available habtiat for this species. External factors outside of this project are likely the dominant threat to persistence."
2,"Porsild's Bryum","HIGHEST","80","80",NA,NA
2,"Porsild's Bryum","BEST GUESS","75","75",NA,NA
2,"Evening Grosbeak","LOWEST",NA,NA,NA,NA
2,"Evening Grosbeak","HIGHEST",NA,NA,NA,NA
2,"Evening Grosbeak","BEST GUESS",NA,NA,NA,NA
3,"Bull Trout","LOWEST","20","20","5",NA
3,"Bull Trout","HIGHEST","50","85",NA,NA
3,"Bull Trout","BEST GUESS","20","60",NA,NA
3,"Rainbow Trout","LOWEST",NA,NA,"5",NA
3,"Rainbow Trout","HIGHEST",NA,NA,NA,NA
3,"Rainbow Trout","BEST GUESS",NA,NA,NA,NA
3,"Western Toad","LOWEST",NA,NA,"X",NA
3,"Western Toad","HIGHEST",NA,NA,NA,NA
3,"Western Toad","BEST GUESS",NA,NA,NA,NA
3,"Barn Swallow","LOWEST",NA,NA,"X",NA
3,"Barn Swallow","HIGHEST",NA,NA,NA,NA
3,"Barn Swallow","BEST GUESS",NA,NA,NA,NA
3,"Olive-sided Flycatcher","LOWEST",NA,NA,"X",NA
3,"Olive-sided Flycatcher","HIGHEST",NA,NA,NA,NA
3,"Olive-sided Flycatcher","BEST GUESS",NA,NA,NA,NA
3,"Common Nighthawk","LOWEST",NA,NA,"X",NA
3,"Common Nighthawk","HIGHEST",NA,NA,NA,NA
3,"Common Nighthawk","BEST GUESS",NA,NA,NA,NA
3,"Short-eared Owl","LOWEST",NA,NA,"X",NA
3,"Short-eared Owl","HIGHEST",NA,NA,NA,NA
3,"Short-eared Owl","BEST GUESS",NA,NA,NA,NA
3,"Harris's Sparrow","LOWEST",NA,NA,"X",NA
3,"Harris's Sparrow","HIGHEST",NA,NA,NA,NA
3,"Harris's Sparrow","BEST GUESS",NA,NA,NA,NA
3,"Bank Swallow","LOWEST",NA,NA,"X",NA
3,"Bank Swallow","HIGHEST",NA,NA,NA,NA
3,"Bank Swallow","BEST GUESS",NA,NA,NA,NA
3,"Rusty Blackbird","LOWEST",NA,NA,"X",NA
3,"Rusty Blackbird","HIGHEST",NA,NA,NA,NA
3,"Rusty Blackbird","BEST GUESS",NA,NA,NA,NA
3,"Northern Myotis","LOWEST",NA,NA,"X",NA
3,"Northern Myotis","HIGHEST",NA,NA,NA,NA
3,"Northern Myotis","BEST GUESS",NA,NA,NA,NA
3,"Little Brown Myotis","LOWEST",NA,NA,"X",NA
3,"Little Brown Myotis","HIGHEST",NA,NA,NA,NA
3,"Little Brown Myotis","BEST GUESS",NA,NA,NA,NA
3,"Wolverine","LOWEST",NA,NA,"X",NA
3,"Wolverine","HIGHEST",NA,NA,NA,NA
3,"Wolverine","BEST GUESS",NA,NA,NA,NA
3,"Grizzly Bear","LOWEST",NA,NA,"X",NA
3,"Grizzly Bear","HIGHEST",NA,NA,NA,NA
3,"Grizzly Bear","BEST GUESS",NA,NA,NA,NA
3,"Transverse Lady Beetle","LOWEST",NA,NA,"X",NA
3,"Transverse Lady Beetle","HIGHEST",NA,NA,NA,NA
3,"Transverse Lady Beetle","BEST GUESS",NA,NA,NA,NA
3,"Ashton (Gypsy) Cuckoo Bumble Bee","LOWEST",NA,NA,"X",NA
3,"Ashton (Gypsy) Cuckoo Bumble Bee","HIGHEST",NA,NA,NA,NA
3,"Ashton (Gypsy) Cuckoo Bumble Bee","BEST GUESS",NA,NA,NA,NA
3,"Suckley's Cuckoo Bumble Bee","LOWEST",NA,NA,"X",NA
3,"Suckley's Cuckoo Bumble Bee","HIGHEST",NA,NA,NA,NA
3,"Suckley's Cuckoo Bumble Bee","BEST GUESS",NA,NA,NA,NA
3,"Western Bumble Bee","LOWEST",NA,NA,"X",NA
3,"Western Bumble Bee","HIGHEST",NA,NA,NA,NA
3,"Western Bumble Bee","BEST GUESS",NA,NA,NA,NA
3,"Yellow-banded Bumble Bee","LOWEST",NA,NA,"X",NA
3,"Yellow-banded Bumble Bee","HIGHEST",NA,NA,NA,NA
3,"Yellow-banded Bumble Bee","BEST GUESS",NA,NA,NA,NA
3,"Porsild's Bryum","LOWEST",NA,NA,"X",NA
3,"Porsild's Bryum","HIGHEST",NA,NA,NA,NA
3,"Porsild's Bryum","BEST GUESS",NA,NA,NA,NA
3,"Evening Grosbeak","LOWEST",NA,NA,NA,NA
3,"Evening Grosbeak","HIGHEST",NA,NA,NA,NA
3,"Evening Grosbeak","BEST GUESS",NA,NA,NA,NA
4,"Bull Trout","LOWEST","25","50","8","The sediment damage has been ongoing for decades, and the population remains relatively abundant. This suggests the damage is more of a ""potential loss in the future"" than a current serious loss. It is a issue of probabilities in the future; will a tipping point of too much sediment be reached with, or without the restoration? This project reduces the threat of sediment causing a population loss, but does not ensure the persistence of the Bull Trout. It is a wise and necessary action, AS A PROBABILITY to improve persistence of Bull Trout."
4,"Bull Trout","HIGHEST","75","85",NA,NA
4,"Bull Trout","BEST GUESS","50","75",NA,NA
4,"Rainbow Trout","LOWEST","B","B","8","There is no Athabasca Rainbow Trout population in Mackenzie Creek. They live in nearby creeks, but not in Mackenzie."
4,"Rainbow Trout","HIGHEST","B","B",NA,NA
4,"Rainbow Trout","BEST GUESS","B","B",NA,NA
4,"Western Toad","LOWEST",NA,NA,"4",NA
4,"Western Toad","HIGHEST",NA,NA,NA,NA
4,"Western Toad","BEST GUESS",NA,NA,NA,NA
4,"Barn Swallow","LOWEST",NA,NA,"4",NA
4,"Barn Swallow","HIGHEST",NA,NA,NA,NA
4,"Barn Swallow","BEST GUESS",NA,NA,NA,NA
4,"Olive-sided Flycatcher","LOWEST",NA,NA,"4",NA
4,"Olive-sided Flycatcher","HIGHEST",NA,NA,NA,NA
4,"Olive-sided Flycatcher","BEST GUESS",NA,NA,NA,NA
4,"Common Nighthawk","LOWEST",NA,NA,"4",NA
4,"Common Nighthawk","HIGHEST",NA,NA,NA,NA
4,"Common Nighthawk","BEST GUESS",NA,NA,NA,NA
4,"Short-eared Owl","LOWEST",NA,NA,"4",NA
4,"Short-eared Owl","HIGHEST",NA,NA,NA,NA
4,"Short-eared Owl","BEST GUESS",NA,NA,NA,NA
4,"Harris's Sparrow","LOWEST",NA,NA,"4",NA
4,"Harris's Sparrow","HIGHEST",NA,NA,NA,NA
4,"Harris's Sparrow","BEST GUESS",NA,NA,NA,NA
4,"Bank Swallow","LOWEST",NA,NA,"4",NA
4,"Bank Swallow","HIGHEST",NA,NA,NA,NA
4,"Bank Swallow","BEST GUESS",NA,NA,NA,NA
4,"Rusty Blackbird","LOWEST",NA,NA,"4",NA
4,"Rusty Blackbird","HIGHEST",NA,NA,NA,NA
4,"Rusty Blackbird","BEST GUESS",NA,NA,NA,NA
4,"Northern Myotis","LOWEST",NA,NA,"4",NA
4,"Northern Myotis","HIGHEST",NA,NA,NA,NA
4,"Northern Myotis","BEST GUESS",NA,NA,NA,NA
4,"Little Brown Myotis","LOWEST",NA,NA,"4",NA
4,"Little Brown Myotis","HIGHEST",NA,NA,NA,NA
4,"Little Brown Myotis","BEST GUESS",NA,NA,NA,NA
4,"Wolverine","LOWEST",NA,NA,"4",NA
4,"Wolverine","HIGHEST",NA,NA,NA,NA
4,"Wolverine","BEST GUESS",NA,NA,NA,NA
4,"Grizzly Bear","LOWEST",NA,NA,"4",NA
4,"Grizzly Bear","HIGHEST",NA,NA,NA,NA
4,"Grizzly Bear","BEST GUESS",NA,NA,NA,NA
4,"Transverse Lady Beetle","LOWEST",NA,NA,"4",NA
4,"Transverse Lady Beetle","HIGHEST",NA,NA,NA,NA
4,"Transverse Lady Beetle","BEST GUESS",NA,NA,NA,NA
4,"Ashton (Gypsy) Cuckoo Bumble Bee","LOWEST",NA,NA,"4",NA
4,"Ashton (Gypsy) Cuckoo Bumble Bee","HIGHEST",NA,NA,NA,NA
4,"Ashton (Gypsy) Cuckoo Bumble Bee","BEST GUESS",NA,NA,NA,NA
4,"Suckley's Cuckoo Bumble Bee","LOWEST",NA,NA,"4",NA
4,"Suckley's Cuckoo Bumble Bee","HIGHEST",NA,NA,NA,NA
4,"Suckley's Cuckoo Bumble Bee","BEST GUESS",NA,NA,NA,NA
4,"Western Bumble Bee","LOWEST",NA,NA,"4",NA
4,"Western Bumble Bee","HIGHEST",NA,NA,NA,NA
4,"Western Bumble Bee","BEST GUESS",NA,NA,NA,NA
4,"Yellow-banded Bumble Bee","LOWEST",NA,NA,"4",NA
4,"Yellow-banded Bumble Bee","HIGHEST",NA,NA,NA,NA
4,"Yellow-banded Bumble Bee","BEST GUESS",NA,NA,NA,NA
4,"Porsild's Bryum","LOWEST",NA,NA,"4",NA
4,"Porsild's Bryum","HIGHEST",NA,NA,NA,NA
4,"Porsild's Bryum","BEST GUESS",NA,NA,NA,NA
4,"Evening Grosbeak","LOWEST",NA,NA,NA,NA
4,"Evening Grosbeak","HIGHEST",NA,NA,NA,NA
4,"Evening Grosbeak","BEST GUESS",NA,NA,NA,NA
5,"Bull Trout","LOWEST",NA,NA,NA,NA
5,"Bull Trout","HIGHEST",NA,NA,NA,NA
5,"Bull Trout","BEST GUESS",NA,NA,NA,NA
5,"Rainbow Trout","LOWEST",NA,NA,NA,NA
5,"Rainbow Trout","HIGHEST",NA,NA,NA,NA
5,"Rainbow Trout","BEST GUESS",NA,NA,NA,NA
5,"Western Toad","LOWEST","80","75","I am quite familiar with this species","I would expect this project to have little impact on this species. I have a concern that active management may cause unforeseen impacts such as introducing new pathogens or reducing heterogeneity"
5,"Western Toad","HIGHEST","100","100",NA,NA
5,"Western Toad","BEST GUESS","90","90",NA,NA
5,"Barn Swallow","LOWEST",NA,NA,NA,NA
5,"Barn Swallow","HIGHEST",NA,NA,NA,NA
5,"Barn Swallow","BEST GUESS",NA,NA,NA,NA
5,"Olive-sided Flycatcher","LOWEST",NA,NA,NA,NA
5,"Olive-sided Flycatcher","HIGHEST",NA,NA,NA,NA
5,"Olive-sided Flycatcher","BEST GUESS",NA,NA,NA,NA
5,"Common Nighthawk","LOWEST",NA,NA,NA,NA
5,"Common Nighthawk","HIGHEST",NA,NA,NA,NA
5,"Common Nighthawk","BEST GUESS",NA,NA,NA,NA
5,"Short-eared Owl","LOWEST",NA,NA,NA,NA
5,"Short-eared Owl","HIGHEST",NA,NA,NA,NA
5,"Short-eared Owl","BEST GUESS",NA,NA,NA,NA
5,"Harris's Sparrow","LOWEST",NA,NA,NA,NA
5,"Harris's Sparrow","HIGHEST",NA,NA,NA,NA
5,"Harris's Sparrow","BEST GUESS",NA,NA,NA,NA
5,"Bank Swallow","LOWEST",NA,NA,NA,NA
5,"Bank Swallow","HIGHEST",NA,NA,NA,NA
5,"Bank Swallow","BEST GUESS",NA,NA,NA,NA
5,"Rusty Blackbird","LOWEST",NA,NA,NA,NA
5,"Rusty Blackbird","HIGHEST",NA,NA,NA,NA
5,"Rusty Blackbird","BEST GUESS",NA,NA,NA,NA
5,"Northern Myotis","LOWEST",NA,NA,NA,NA
5,"Northern Myotis","HIGHEST",NA,NA,NA,NA
5,"Northern Myotis","BEST GUESS",NA,NA,NA,NA
5,"Little Brown Myotis","LOWEST",NA,NA,NA,NA
5,"Little Brown Myotis","HIGHEST",NA,NA,NA,NA
5,"Little Brown Myotis","BEST GUESS",NA,NA,NA,NA
5,"Wolverine","LOWEST",NA,NA,NA,NA
5,"Wolverine","HIGHEST",NA,NA,NA,NA
5,"Wolverine","BEST GUESS",NA,NA,NA,NA
5,"Grizzly Bear","LOWEST",NA,NA,NA,NA
5,"Grizzly Bear","HIGHEST",NA,NA,NA,NA
5,"Grizzly Bear","BEST GUESS",NA,NA,NA,NA
5,"Transverse Lady Beetle","LOWEST",NA,NA,NA,NA
5,"Transverse Lady Beetle","HIGHEST",NA,NA,NA,NA
5,"Transverse Lady Beetle","BEST GUESS",NA,NA,NA,NA
5,"Ashton (Gypsy) Cuckoo Bumble Bee","LOWEST",NA,NA,NA,NA
5,"Ashton (Gypsy) Cuckoo Bumble Bee","HIGHEST",NA,NA,NA,NA
5,"Ashton (Gypsy) Cuckoo Bumble Bee","BEST GUESS",NA,NA,NA,NA
5,"Suckley's Cuckoo Bumble Bee","LOWEST",NA,NA,NA,NA
5,"Suckley's Cuckoo Bumble Bee","HIGHEST",NA,NA,NA,NA
5,"Suckley's Cuckoo Bumble Bee","BEST GUESS",NA,NA,NA,NA
5,"Western Bumble Bee","LOWEST",NA,NA,NA,NA
5,"Western Bumble Bee","HIGHEST",NA,NA,NA,NA
5,"Western Bumble Bee","BEST GUESS",NA,NA,NA,NA
5,"Yellow-banded Bumble Bee","LOWEST",NA,NA,NA,NA
5,"Yellow-banded Bumble Bee","HIGHEST",NA,NA,NA,NA
5,"Yellow-banded Bumble Bee","BEST GUESS",NA,NA,NA,NA
5,"Porsild's Bryum","LOWEST",NA,NA,NA,NA
5,"Porsild's Bryum","HIGHEST",NA,NA,NA,NA
5,"Porsild's Bryum","BEST GUESS",NA,NA,NA,NA
5,"Evening Grosbeak","LOWEST",NA,NA,NA,NA
5,"Evening Grosbeak","HIGHEST",NA,NA,NA,NA
5,"Evening Grosbeak","BEST GUESS",NA,NA,NA,NA
6,"Bull Trout","LOWEST",NA,NA,NA,NA
6,"Bull Trout","HIGHEST",NA,NA,NA,NA
6,"Bull Trout","BEST GUESS",NA,NA,NA,NA
6,"Rainbow Trout","LOWEST","0","25","moderate","the lowest probability WITH the action is because it might be too late, the negative impacts might be signfiicant enough already that we have passed some threshold that the restoration will not address (since it won't actually be all fixed on day 1, yr 1, it will take years for the changes to be at their maximum, full benefit as the site heals and recovers, which means in the meantime, the restored area isn't actually healthy and isn't contributing the postive things (eg. shade, shelter, filtration, etc) it should, even if it is stopping contributing negatively (eg. sedimentation is stopped)>"
6,"Rainbow Trout","HIGHEST","25","85",NA,NA
6,"Rainbow Trout","BEST GUESS","15","75",NA,NA
6,"Western Toad","LOWEST",NA,NA,NA,"do not know enough about their ecology to do any ratings"
6,"Western Toad","HIGHEST",NA,NA,NA,NA
6,"Western Toad","BEST GUESS",NA,NA,NA,NA
6,"Barn Swallow","LOWEST","65","75","Low","Given the forest and cover in the general area remain intact, even with a new/revised location of the OHV trail, I do not think that should affect this species too much. Unfortunately, low numbers elsewhere may be as important at influencing their persistence here, whether or not restoration happens (or is successful)."
6,"Barn Swallow","HIGHEST","75","95",NA,NA
6,"Barn Swallow","BEST GUESS","85","85",NA,NA
6,"Olive-sided Flycatcher","LOWEST",NA,NA,"very low","do not know enough about their ecology to do any ratings"
6,"Olive-sided Flycatcher","HIGHEST",NA,NA,NA,NA
6,"Olive-sided Flycatcher","BEST GUESS",NA,NA,NA,NA
6,"Common Nighthawk","LOWEST",NA,NA,"very low","do not know enough about their ecology to do any ratings"
6,"Common Nighthawk","HIGHEST",NA,NA,NA,NA
6,"Common Nighthawk","BEST GUESS",NA,NA,NA,NA
6,"Short-eared Owl","LOWEST",NA,NA,"very low","do not know enough about their ecology to do any ratings"
6,"Short-eared Owl","HIGHEST",NA,NA,NA,NA
6,"Short-eared Owl","BEST GUESS",NA,NA,NA,NA
6,"Harris's Sparrow","LOWEST",NA,NA,"very low","do not know enough about their ecology to do any ratings"
6,"Harris's Sparrow","HIGHEST",NA,NA,NA,NA
6,"Harris's Sparrow","BEST GUESS",NA,NA,NA,NA
6,"Bank Swallow","LOWEST","50","65",NA,"Since bare, eroding banks are beneficial, reducing flattened, compacted OHV crossing areas will have some small or modest impact.  Given the forest and cover in the general area remain intact, even with a new/revised location of the OHV trail, I do not think that should affect this species too much.  Unfortunately, low numbers elsewhere may be as important at influencing their persistence here, whether or not restoration happens (or is successful)."
6,"Bank Swallow","HIGHEST","80","85",NA,NA
6,"Bank Swallow","BEST GUESS","65","75",NA,NA
6,"Rusty Blackbird","LOWEST",NA,NA,"very low","do not know enough about their ecology to do any ratings"
6,"Rusty Blackbird","HIGHEST",NA,NA,NA,NA
6,"Rusty Blackbird","BEST GUESS",NA,NA,NA,NA
6,"Northern Myotis","LOWEST",NA,NA,"very low","do not know enough about their ecology to do any ratings"
6,"Northern Myotis","HIGHEST",NA,NA,NA,NA
6,"Northern Myotis","BEST GUESS",NA,NA,NA,NA
6,"Little Brown Myotis","LOWEST",NA,NA,"very low","do not know enough about their ecology to do any ratings"
6,"Little Brown Myotis","HIGHEST",NA,NA,NA,NA
6,"Little Brown Myotis","BEST GUESS",NA,NA,NA,NA
6,"Wolverine","LOWEST",NA,NA,"very low","do not know enough about their ecology to do any ratings"
6,"Wolverine","HIGHEST",NA,NA,NA,NA
6,"Wolverine","BEST GUESS",NA,NA,NA,NA
6,"Grizzly Bear","LOWEST",NA,NA,"very low","do not know enough about their ecology to do any ratings"
6,"Grizzly Bear","HIGHEST",NA,NA,NA,NA
6,"Grizzly Bear","BEST GUESS",NA,NA,NA,NA
6,"Transverse Lady Beetle","LOWEST",NA,NA,"very low","do not know enough about their ecology to do any ratings"
6,"Transverse Lady Beetle","HIGHEST",NA,NA,NA,NA
6,"Transverse Lady Beetle","BEST GUESS",NA,NA,NA,NA
6,"Ashton (Gypsy) Cuckoo Bumble Bee","LOWEST",NA,NA,"very low","do not know enough about their ecology to do any ratings"
6,"Ashton (Gypsy) Cuckoo Bumble Bee","HIGHEST",NA,NA,NA,NA
6,"Ashton (Gypsy) Cuckoo Bumble Bee","BEST GUESS",NA,NA,NA,NA
6,"Suckley's Cuckoo Bumble Bee","LOWEST",NA,NA,"very low","do not know enough about their ecology to do any ratings"
6,"Suckley's Cuckoo Bumble Bee","HIGHEST",NA,NA,NA,NA
6,"Suckley's Cuckoo Bumble Bee","BEST GUESS",NA,NA,NA,NA
6,"Western Bumble Bee","LOWEST",NA,NA,"very low","do not know enough about their ecology to do any ratings"
6,"Western Bumble Bee","HIGHEST",NA,NA,NA,NA
6,"Western Bumble Bee","BEST GUESS",NA,NA,NA,NA
6,"Yellow-banded Bumble Bee","LOWEST",NA,NA,"very low","do not know enough about their ecology to do any ratings"
6,"Yellow-banded Bumble Bee","HIGHEST",NA,NA,NA,NA
6,"Yellow-banded Bumble Bee","BEST GUESS",NA,NA,NA,NA
6,"Porsild's Bryum","LOWEST",NA,NA,"very low","do not know enough about their ecology to do any ratings"
6,"Porsild's Bryum","HIGHEST",NA,NA,NA,NA
6,"Porsild's Bryum","BEST GUESS",NA,NA,NA,NA
6,"Evening Grosbeak","LOWEST",NA,NA,NA,NA
6,"Evening Grosbeak","HIGHEST",NA,NA,NA,NA
6,"Evening Grosbeak","BEST GUESS",NA,NA,NA,NA
7,"Bull Trout","LOWEST","10","50","3","Mackenzie Creek forms the main part of the breeding range of the population. Sedimentation, rutting and other disturbance will be reduced with implementation of the project and will have a positive effect on the species. Issues with upstream sedimentation (outside the project area) and poaching and other stressors during non-breeding areas may still impact viability of this population."
7,"Bull Trout","HIGHEST","50","95",NA,NA
7,"Bull Trout","BEST GUESS","35","85",NA,NA
7,"Rainbow Trout","LOWEST","20","40","3","Athabasca River Rainbow Trout occur in the creek year-round. Sedimentation, rutting and disturbance will be reduced with implementation of the project and will have a positive effect on the species."
7,"Rainbow Trout","HIGHEST","50","90",NA,NA
7,"Rainbow Trout","BEST GUESS","30","65",NA,NA
7,"Western Toad","LOWEST","40","50","3","Western Toad may be able to utilize some habitats where OHV use is currently limited and may persist in the project area in the counterfactual scenario. Sedimentation, rutting and disturbance will be reduced with implementation of the project and will have a positive effect on the species."
7,"Western Toad","HIGHEST","75","90",NA,NA
7,"Western Toad","BEST GUESS","60","80",NA,NA
7,"Barn Swallow","LOWEST","75","75","7","Barn Swallows are likely uncommon in the study area due to a lack of nesting sites. This species is highly adaptable and more common in disturbed landscapes and may use the creek corridor for foraging if there are breeding sites nearby or during migration. Project implementation may not have much impact on this species. The presence of new bridges for OHV traffic with project implementation may act as nesting sites for Barn Swallows."
7,"Barn Swallow","HIGHEST","95","100",NA,NA
7,"Barn Swallow","BEST GUESS","85","95",NA,NA
7,"Olive-sided Flycatcher","LOWEST","30","40","7","Olive-sided Flycatchers typically occupy burned or edge habitats so it's possible this species occurs along the creek. Restoration would potentially reduce noise disturbance and help restore riparian functioning and increase foraging opportunities for the species."
7,"Olive-sided Flycatcher","HIGHEST","70","80",NA,NA
7,"Olive-sided Flycatcher","BEST GUESS","50","65",NA,NA
7,"Common Nighthawk","LOWEST","40","50","7","Likely that CONI mostly use the creek and riparian areas for foraging during the breeding season but less so for breeding or other activities, which may occur in open areas on the forest floor."
7,"Common Nighthawk","HIGHEST","80","100",NA,NA
7,"Common Nighthawk","BEST GUESS","70","95",NA,NA
7,"Short-eared Owl","LOWEST","0","0","7","This species breeds and forages in open habitat and is therefore unlikely to be using the creek corridor currently and project implementation is unlikely to have much impact on the species other than reduced noise disturbance."
7,"Short-eared Owl","HIGHEST","25","25",NA,NA
7,"Short-eared Owl","BEST GUESS","10","10",NA,NA
7,"Harris's Sparrow","LOWEST","10","20","7","This species would only occur in the project area during migration and in low numbers since the core of its migration corridor is further east. This species typically utilizes shrubby or open habitats over its full annual cycle. While implementation of this project may slightly increase persistence of this species in the study area, it will likely not have a large impact."
7,"Harris's Sparrow","HIGHEST","30","50",NA,NA
7,"Harris's Sparrow","BEST GUESS","20","40",NA,NA
7,"Bank Swallow","LOWEST","25","30","7","Bank Swallows are likely found in the study area in low density because they require steep banks for nesting. Likely that BANS would mostly use the creek for foraging during the breeding season and possibly for roosting in riparian vegetation but less so for breeding or other activities. The species may benefit from riparian area restoration through increased foraging opportunities."
7,"Bank Swallow","HIGHEST","80","95",NA,NA
7,"Bank Swallow","BEST GUESS","70","90",NA,NA
7,"Rusty Blackbird","LOWEST","0","0","7","Rusty Blackbird may occur in the study area only in low abundance or may not occur at all since this species is typically associated with treed wetlands during the breeding season. It may occur in the study area in low densities during migration."
7,"Rusty Blackbird","HIGHEST","30","30",NA,NA
7,"Rusty Blackbird","BEST GUESS","15","15",NA,NA
7,"Northern Myotis","LOWEST","60","70","5","Northern Myotis likely use the creek and adjacent riparian areas for foraging during the breeding season and forests within the project area for breeding and roosting. The species may benefit from riparian area restoration through increased foraging opportunities and higher forage quality, and reduced disturbance."
7,"Northern Myotis","HIGHEST","90","100",NA,NA
7,"Northern Myotis","BEST GUESS","80","100",NA,NA
7,"Little Brown Myotis","LOWEST","60","70","5","Little Brown Myotis likely use the creek and adjacent riparian areas for foraging during the breeding season and forests within the project area for breeding and roosting. The species may benefit from riparian area restoration through increased foraging opportunities and reduced disturbance."
7,"Little Brown Myotis","HIGHEST","90","100",NA,NA
7,"Little Brown Myotis","BEST GUESS","80","100",NA,NA
7,"Wolverine","LOWEST","20","30","5","Species is sensitive to disturbance and the area has a large human footprint. The restoration project is unlikely to impact the wolverine greatly"
7,"Wolverine","HIGHEST","40","50",NA,NA
7,"Wolverine","BEST GUESS","30","40",NA,NA
7,"Grizzly Bear","LOWEST","60","70","5","Grizzly bears will likely use the project area regardless of disturbance since their home ranges are very large however project implementation will likely have a positive impact on this species in the project area. Increased disturbance outside of the project area due to the OHV trail being moved and increasing in linear distance may reduce the persistence of the species in the broader area - note that I did not consider this in my assessment for the species."
7,"Grizzly Bear","HIGHEST","100","100",NA,NA
7,"Grizzly Bear","BEST GUESS","80","90",NA,NA
7,"Transverse Lady Beetle","LOWEST",NA,NA,"1",NA
7,"Transverse Lady Beetle","HIGHEST",NA,NA,NA,NA
7,"Transverse Lady Beetle","BEST GUESS",NA,NA,NA,NA
7,"Ashton (Gypsy) Cuckoo Bumble Bee","LOWEST",NA,NA,"1",NA
7,"Ashton (Gypsy) Cuckoo Bumble Bee","HIGHEST",NA,NA,NA,NA
7,"Ashton (Gypsy) Cuckoo Bumble Bee","BEST GUESS",NA,NA,NA,NA
7,"Suckley's Cuckoo Bumble Bee","LOWEST",NA,NA,"1",NA
7,"Suckley's Cuckoo Bumble Bee","HIGHEST",NA,NA,NA,NA
7,"Suckley's Cuckoo Bumble Bee","BEST GUESS",NA,NA,NA,NA
7,"Western Bumble Bee","LOWEST",NA,NA,"1",NA
7,"Western Bumble Bee","HIGHEST",NA,NA,NA,NA
7,"Western Bumble Bee","BEST GUESS",NA,NA,NA,NA
7,"Yellow-banded Bumble Bee","LOWEST",NA,NA,"1",NA
7,"Yellow-banded Bumble Bee","HIGHEST",NA,NA,NA,NA
7,"Yellow-banded Bumble Bee","BEST GUESS",NA,NA,NA,NA
7,"Porsild's Bryum","LOWEST",NA,NA,"1",NA
7,"Porsild's Bryum","HIGHEST",NA,NA,NA,NA
7,"Porsild's Bryum","BEST GUESS",NA,NA,NA,NA
7,"Evening Grosbeak","LOWEST","60","70","7","Species added. Species is a resident in the area - possibly using the forest for nesting and foraging and the riparian area for foraging. Riparian restoration would reduce noise disturbance in the project area and possibly increase foraging opportunities."
7,"Evening Grosbeak","HIGHEST","100","100",NA,NA
7,"Evening Grosbeak","BEST GUESS","90","100",NA,NA
8,"Bull Trout","LOWEST","15","50","3","I expect siltation from runoff associated with offroad vehicle trails to degrade spawning and rearing habitat for salmonids and egg-laying habitat for amphibians. Relocating offroad vehicle trails away from creek and revegetating trail crossings should reduce siltation, as long as recreational riders comply with these changes and don't maintain trails."
8,"Bull Trout","HIGHEST","50","85",NA,NA
8,"Bull Trout","BEST GUESS","25","75",NA,NA
8,"Rainbow Trout","LOWEST","15","50","3","I expect siltation from runoff associated with offroad vehicle trails to degrade spawning and rearing habitat for salmonids and egg-laying habitat for amphibians. Relocating offroad vehicle trails away from creek and revegetating trail crossings should reduce siltation, as long as recreational riders comply with these changes and don't maintain trails."
8,"Rainbow Trout","HIGHEST","50","85",NA,NA
8,"Rainbow Trout","BEST GUESS","25","75",NA,NA
8,"Western Toad","LOWEST","15","50","3","I expect siltation from runoff associated with offroad vehicle trails to degrade spawning and rearing habitat for salmonids and egg-laying habitat for amphibians. Relocating offroad vehicle trails away from creek and revegetating trail crossings should reduce siltation, as long as recreational riders comply with these changes and don't maintain trails."
8,"Western Toad","HIGHEST","50","85",NA,NA
8,"Western Toad","BEST GUESS","25","75",NA,NA
8,"Barn Swallow","LOWEST","15","25","5","Mud-nesting species that nests on vertical surfaces including manmade structures. May benefit from  reduced noise levels associated with relocating offroad vehicle activity away from the creek. If bridges are present at trail crossings, removing bridges as part of trail crossing elimination may remove Barn Swallow nesting substrates."
8,"Barn Swallow","HIGHEST","50","75",NA,NA
8,"Barn Swallow","BEST GUESS","25","50",NA,NA
8,"Olive-sided Flycatcher","LOWEST","15","50","5","Tree-nesting species that would probably benefit from reduced noise levels (decreased offroad vehicle activity)."
8,"Olive-sided Flycatcher","HIGHEST","50","85",NA,NA
8,"Olive-sided Flycatcher","BEST GUESS","25","75",NA,NA
8,"Common Nighthawk","LOWEST","15","50","5","Ground-nester that would probably benefit from reduced risk of nest destruction by offroad vehicles and reduced noise levels. Revegetation of trails near Mackenzie Creek and trail crossings over creek might improve nest cover up to a point, but too much revegetation might reduce nesting habitat."
8,"Common Nighthawk","HIGHEST","50","85",NA,NA
8,"Common Nighthawk","BEST GUESS","25","75",NA,NA
8,"Short-eared Owl","LOWEST","15","50","5","Ground-nester that would probably benefit from reduced risk of nest destruction by offroad vehicles and reduced noise levels. Revegetation of trails near Mackenzie Creek and trail crossings over creek might improve nest cover up to a point, but too much revegetation might reduce nesting habitat."
8,"Short-eared Owl","HIGHEST","50","85",NA,NA
8,"Short-eared Owl","BEST GUESS","25","75",NA,NA
8,"Harris's Sparrow","LOWEST","25","25","5","Unlikely to be nesting in the study area as this is a tundra-breeding species. Only likely to be seen in area during migration. It is unlikely to be present long enough in area to be significantly disturbed by offroad vehicle activity or benefit from the relocation of this activity."
8,"Harris's Sparrow","HIGHEST","75","75",NA,NA
8,"Harris's Sparrow","BEST GUESS","50","50",NA,NA
8,"Bank Swallow","LOWEST","15","50","5","Burrow-nesting species that nests in river banks. May benefit from  reduced noise levels associated with relocating offroad vehicle activity away from the creek. Reducing runoff at former trail crossings probably won't affect a significant amount of nesting habitat unless these trail crossings are the only available exposed banks for this species."
8,"Bank Swallow","HIGHEST","50","85",NA,NA
8,"Bank Swallow","BEST GUESS","25","75",NA,NA
8,"Rusty Blackbird","LOWEST","15","50","5","Tree-nesting species that would probably benefit from reduced noise levels (decreased offroad vehicle activity)."
8,"Rusty Blackbird","HIGHEST","50","85",NA,NA
8,"Rusty Blackbird","BEST GUESS","25","75",NA,NA
8,"Northern Myotis","LOWEST","15","50","3","Reducing offroad vehicle use and noise near the creek should reduce disturbance year-round for roosting and/or hibernating bats using riparian forests. p. 68 in https://multisar.ca/wp-content/uploads/2015/10/Multisar-Bat-BMP-Report-Final.pdf."
8,"Northern Myotis","HIGHEST","50","85",NA,NA
8,"Northern Myotis","BEST GUESS","25","75",NA,NA
8,"Little Brown Myotis","LOWEST","15","50","3","Reducing offroad vehicle use and noise near the creek should reduce disturbance year-round for roosting and/or hibernating bats using riparian forests. p. 68 in https://multisar.ca/wp-content/uploads/2015/10/Multisar-Bat-BMP-Report-Final.pdf."
8,"Little Brown Myotis","HIGHEST","50","85",NA,NA
8,"Little Brown Myotis","BEST GUESS","25","75",NA,NA
8,"Wolverine","LOWEST","15","25","3","Reducing offroad vehicle use and noise near the creek could make it more attractive for wolverines, especially if trails near the creek are revegetated to discourage ATV use. Given the home range size of wolverines, there probably wouldn't be a large change in wolverine numbers, but relocating the trails might increase the probability of wolverines using the creek. https://canadiangeographic.ca/articles/why-wont-wolverines-cross-the-road/."
8,"Wolverine","HIGHEST","50","75",NA,NA
8,"Wolverine","BEST GUESS","25","50",NA,NA
8,"Grizzly Bear","LOWEST","15","25","3","Reducing offroad vehicle use and noise near the creek could make it more attractive for grizzly bears as would larger salmonid populations and better salmonid-spawning habitat after relocating trails away from  the creek. Given the home range size of grizzlies, there probably wouldn't be a large change in grizzly numbers, but relocating the trails might increase the probability of grizzlies using the creek."
8,"Grizzly Bear","HIGHEST","50","75",NA,NA
8,"Grizzly Bear","BEST GUESS","25","50",NA,NA
8,"Transverse Lady Beetle","LOWEST",NA,NA,"X","I know nothing about this species or how it might be affected by the lack or presence of offroad vehicles or revegetation of trail crossings"
8,"Transverse Lady Beetle","HIGHEST",NA,NA,NA,NA
8,"Transverse Lady Beetle","BEST GUESS",NA,NA,NA,NA
8,"Ashton (Gypsy) Cuckoo Bumble Bee","LOWEST",NA,NA,"X","I know nothing about this species or how it might be affected by the lack or presence of offroad vehicles or revegetation of trail crossings"
8,"Ashton (Gypsy) Cuckoo Bumble Bee","HIGHEST",NA,NA,NA,NA
8,"Ashton (Gypsy) Cuckoo Bumble Bee","BEST GUESS",NA,NA,NA,NA
8,"Suckley's Cuckoo Bumble Bee","LOWEST",NA,NA,"X","I know nothing about this species or how it might be affected by the lack or presence of offroad vehicles or revegetation of trail crossings"
8,"Suckley's Cuckoo Bumble Bee","HIGHEST",NA,NA,NA,NA
8,"Suckley's Cuckoo Bumble Bee","BEST GUESS",NA,NA,NA,NA
8,"Western Bumble Bee","LOWEST",NA,NA,"X","I know nothing about this species or how it might be affected by the lack or presence of offroad vehicles or revegetation of trail crossings"
8,"Western Bumble Bee","HIGHEST",NA,NA,NA,NA
8,"Western Bumble Bee","BEST GUESS",NA,NA,NA,NA
8,"Yellow-banded Bumble Bee","LOWEST",NA,NA,"X","I know nothing about this species or how it might be affected by the lack or presence of offroad vehicles or revegetation of trail crossings"
8,"Yellow-banded Bumble Bee","HIGHEST",NA,NA,NA,NA
8,"Yellow-banded Bumble Bee","BEST GUESS",NA,NA,NA,NA
8,"Porsild's Bryum","LOWEST",NA,NA,"X","I know nothing about this species or how it might be affected by the lack or presence of offroad vehicles or revegetation of trail crossings"
8,"Porsild's Bryum","HIGHEST",NA,NA,NA,NA
8,"Porsild's Bryum","BEST GUESS",NA,NA,NA,NA
8,"Evening Grosbeak","LOWEST","15","50","5","Presence of this irruptive species might vary from year to year, depending on food available within forests around Mackenzie Creek. So the treatment might not greatly affect its presence or abundance in the area. But it's a tree-nesting species and a ground forager (https://www.allaboutbirds.org/guide/Evening_Grosbeak/overview) that would probably benefit from reduced noise levels (decreased offroad vehicle activity)."
8,"Evening Grosbeak","HIGHEST","50","85",NA,NA
8,"Evening Grosbeak","BEST GUESS","25","75",NA,NA
9,"Bull Trout","LOWEST",NA,NA,NA,NA
9,"Bull Trout","HIGHEST",NA,NA,NA,NA
9,"Bull Trout","BEST GUESS",NA,NA,NA,NA
9,"Rainbow Trout","LOWEST",NA,NA,NA,NA
9,"Rainbow Trout","HIGHEST",NA,NA,NA,NA
9,"Rainbow Trout","BEST GUESS",NA,NA,NA,NA
9,"Western Toad","LOWEST","70","70",NA,"Potential for anticipated reduction in road/OHV trail mortality with project access changes; whether benefit is realized depends on whether SAR use can be confirmed in the project area. Detail provided on project area wetland ecotype is not sufficient for a detailed review to indentify potential pond/openwater habitat types that would support breeding Western Toad and from there, which terrestrial riparian habitat areas used by Western Toad may be improved by the project. 

https://www.canada.ca/en/environment-climate-change/services/species-risk-public-registry/management-plans/western-toad-2020.html#toc9 
""Data collected during pitfall trapping at six monitoring sites in Alberta from 1997 to 2008 indicated that Western Toads experienced wide fluctuations in relative abundance and adult abundance trends varied by site: two increasing, one decreasing, and three stable (Eaton and Hiltz 2012). Other reports (cited by COSEWIC (2012), that is, Eaves 2004; Schank 2008) have indicated that Western Toad populations are either stable or increasing in parts of Alberta. It should be noted that declines or disappearances could have gone unnoticed in parts of the province with limited survey efforts (Government of Alberta, Sustainable Resource Development 2010). """
9,"Western Toad","HIGHEST","100","100",NA,NA
9,"Western Toad","BEST GUESS","90","90",NA,NA
9,"Barn Swallow","LOWEST","B","B","6","ebird record in Cadomin, unknown avail of antrhopogenic structures for nesting in project area"
9,"Barn Swallow","HIGHEST","B","B",NA,NA
9,"Barn Swallow","BEST GUESS","B","B",NA,NA
9,"Olive-sided Flycatcher","LOWEST","B","B","6","ebird records suggest area use by OSFL, habitat suitability may be low - may need detail of specific site characteristics like the presence of snags at clearing edges"
9,"Olive-sided Flycatcher","HIGHEST","B","B",NA,NA
9,"Olive-sided Flycatcher","BEST GUESS","B","B",NA,NA
9,"Common Nighthawk","LOWEST","B","B","6","ebird records suggest area use by CONI, suggest possiblity for use in nesting, if trail or road openings provide disturbed areas of ground/clearings"
9,"Common Nighthawk","HIGHEST","B","B",NA,NA
9,"Common Nighthawk","BEST GUESS","B","B",NA,NA
9,"Short-eared Owl","LOWEST","B","B","5","ebird records in region, at some distance from project site; while project is within the species breeding range, typical breeding habitat is described on open landscapes at least 50-100 ha so habitat suitability in the project area likely low."
9,"Short-eared Owl","HIGHEST","B","B",NA,NA
9,"Short-eared Owl","BEST GUESS","B","B",NA,NA
9,"Harris's Sparrow","LOWEST","B","B","5","occassional eBird records in regional area, presume for migratory movement since biophysical attributes of breeding habitat"
9,"Harris's Sparrow","HIGHEST","B","B",NA,NA
9,"Harris's Sparrow","BEST GUESS","B","B",NA,NA
9,"Bank Swallow","LOWEST","B","B","6","occassional eBird records in regional area, missing detail on whether streambank conditions/road cutbanks may provide banks of suffient height for use for nests/colonies"
9,"Bank Swallow","HIGHEST","B","B",NA,NA
9,"Bank Swallow","BEST GUESS","B","B",NA,NA
9,"Rusty Blackbird","LOWEST","B","B","6","occassional eBird records in regional area, but missing detail on wetland (marsh,swamp, open water) to evaluate whether biophysical attributes would be present in project area"
9,"Rusty Blackbird","HIGHEST","B","B",NA,NA
9,"Rusty Blackbird","BEST GUESS","B","B",NA,NA
9,"Northern Myotis","LOWEST","B","B","6","Cadomin CH is nearby (hibernaculum), presume potential for use; riparian forested habitats support foraging and roosting but missing detail within forest ecotypes (forest stand age, fragmentation, stand denisty, availablity of snags, tree diameters, heights, decay class, sun exposure...) that would help detail some of the biophysical attributes associated with roosting like larger tree diameters, presence of snags, tree cavities."
9,"Northern Myotis","HIGHEST","B","B",NA,NA
9,"Northern Myotis","BEST GUESS","B","B",NA,NA
9,"Little Brown Myotis","LOWEST","B","B","6","Cadomin CH is nearby (hibernaculum), presume potential for use; riparian forested habitats support foraging and roosting but missing detail within forest ecotypes (forest stand age, fragmentation, stand denisty, availablity of snags, tree diameters, heights, decay class, sun exposure...) that would help detail some of the biophysical attributes associated with roosting like larger tree diameters, presence of snags, tree cavities."
9,"Little Brown Myotis","HIGHEST","B","B",NA,NA
9,"Little Brown Myotis","BEST GUESS","B","B",NA,NA
9,"Wolverine","LOWEST",NA,NA,"6","Possible there may be a reduction to species disturbance  and movement in the project area if road/OHV trail access is closed or limited along the creek and riparian area; however, if vehicle use and activity by people is relocated to other areas upslope of Mackenzie Creek, overall this project may not benefit or may have a negative effect to the species depending on new route alignments and specific movement patterns through the project area. Whether any species benefit is realized depends on specific SAR use in the project area - I don't have this detail available."
9,"Wolverine","HIGHEST",NA,NA,NA,NA
9,"Wolverine","BEST GUESS",NA,NA,NA,NA
9,"Grizzly Bear","LOWEST",NA,NA,"6","Possible there may be a reduction to species disturbance in the project area if road/OHV trail access is closed or limited along the creek and riparian area; however, if vehicle use and activity by people is relocated to other areas upslope of Mackenzie Creek, overall this project may not benefit or may have a negative effect to the species depending on new route alignments, effects on movement and specific movement patterns through the project area. Whether any species benefit is realized depends on specific SAR use in the project area - I don't have this detail available."
9,"Grizzly Bear","HIGHEST",NA,NA,NA,NA
9,"Grizzly Bear","BEST GUESS",NA,NA,NA,NA
9,"Transverse Lady Beetle","LOWEST","B","B","4","It seems like there is insufficient data to make Canadian population projections showing the probability of persistence. The COSEWIC Status Assessment Report presents the consensus of expert opinion from the COSEWIC Arthropod Species Subcommittee, that within Canada the relative abundance of the Transverse Lady Beetle has been significantly reduced compared to historical levels and extent. The Transverse Lady Beetle has continued to decline or is managing to persist in low numbers across the majority of its range (including AB), while the species appears common and somewhat isolated from the impact of non-native species in BC, YT, NT and likely NU. (COSEWIC 2017)"
9,"Transverse Lady Beetle","HIGHEST","B","B",NA,NA
9,"Transverse Lady Beetle","BEST GUESS","B","B",NA,NA
9,"Ashton (Gypsy) Cuckoo Bumble Bee","LOWEST","B","B","4",NA
9,"Ashton (Gypsy) Cuckoo Bumble Bee","HIGHEST","B","B",NA,NA
9,"Ashton (Gypsy) Cuckoo Bumble Bee","BEST GUESS","B","B",NA,NA
9,"Suckley's Cuckoo Bumble Bee","LOWEST","B","B","4",NA
9,"Suckley's Cuckoo Bumble Bee","HIGHEST","B","B",NA,NA
9,"Suckley's Cuckoo Bumble Bee","BEST GUESS","B","B",NA,NA
9,"Western Bumble Bee","LOWEST","B","B","4","habitat generalist, found in a wide variety of open habitats, including montane/ lower elev meadows within open coniferous, deciduous, and mixed-wood forests and woodlands; riparian areas; roadsides (COSEWIC 2014; Williams et al. 2014; BC CDC 2021); habitat may be provided by the project area but unknown if the SAR would be found in project area. Maybe some very marginal benefit with project location in foothills so at distance from areas where insecticide use, commercial non-native bee rearing would be presumed to be a greater stressor, but would want to have documentation of SAR invertebrates (bees, lady beetles) at site."
9,"Western Bumble Bee","HIGHEST","B","B",NA,NA
9,"Western Bumble Bee","BEST GUESS","B","B",NA,NA
9,"Yellow-banded Bumble Bee","LOWEST","B","B","4",NA
9,"Yellow-banded Bumble Bee","HIGHEST","B","B",NA,NA
9,"Yellow-banded Bumble Bee","BEST GUESS","B","B",NA,NA
9,"Porsild's Bryum","LOWEST",NA,NA,"4","Specific known locations named in the Recovery Strategy appear to be upstream of the area of the project. The following combination of biophysical habitat attributes is required to support a colony of Porsilds Bryum: Calcareous cliffs or rock outcrops; Continuous or intermittent seepage; Shaded rock face; shade maintained by size and aspect of cliff face, or a continuous tree cover;  A microenvironment characterised by lower temperatures and higher relative humidity than adjacent habitat where the species is absent (Recovery Strategy for the Porsilds Bryum 2017).  
Activities likely to result in destruction of critical habitat include alteration to hydrology or water quality/chemistry owing to human landscape use, rock and soil disturbance, deposition of road dust on moss or adjacent vegetation. Effects of these activities can include reduction in relative humidity, reduction in water flow (drought), or increases in site temperature (loss of adjacent canopy, change in shading) and these can alter biophyscial attributes supporting species persistence."
9,"Porsild's Bryum","HIGHEST",NA,NA,NA,NA
9,"Porsild's Bryum","BEST GUESS",NA,NA,NA,NA
9,"Evening Grosbeak","LOWEST",NA,NA,NA,NA
9,"Evening Grosbeak","HIGHEST",NA,NA,NA,NA
9,"Evening Grosbeak","BEST GUESS",NA,NA,NA,NA
10,"Bull Trout","LOWEST",NA,NA,"5",NA
10,"Bull Trout","HIGHEST",NA,NA,NA,NA
10,"Bull Trout","BEST GUESS",NA,NA,NA,NA
10,"Rainbow Trout","LOWEST",NA,NA,"5",NA
10,"Rainbow Trout","HIGHEST",NA,NA,NA,NA
10,"Rainbow Trout","BEST GUESS",NA,NA,NA,NA
10,"Western Toad","LOWEST",NA,NA,"5",NA
10,"Western Toad","HIGHEST",NA,NA,NA,NA
10,"Western Toad","BEST GUESS",NA,NA,NA,NA
10,"Barn Swallow","LOWEST",NA,NA,"5",NA
10,"Barn Swallow","HIGHEST",NA,NA,NA,NA
10,"Barn Swallow","BEST GUESS",NA,NA,NA,NA
10,"Olive-sided Flycatcher","LOWEST",NA,NA,"5",NA
10,"Olive-sided Flycatcher","HIGHEST",NA,NA,NA,NA
10,"Olive-sided Flycatcher","BEST GUESS",NA,NA,NA,NA
10,"Common Nighthawk","LOWEST",NA,NA,"5",NA
10,"Common Nighthawk","HIGHEST",NA,NA,NA,NA
10,"Common Nighthawk","BEST GUESS",NA,NA,NA,NA
10,"Short-eared Owl","LOWEST",NA,NA,"5",NA
10,"Short-eared Owl","HIGHEST",NA,NA,NA,NA
10,"Short-eared Owl","BEST GUESS",NA,NA,NA,NA
10,"Harris's Sparrow","LOWEST",NA,NA,"5",NA
10,"Harris's Sparrow","HIGHEST",NA,NA,NA,NA
10,"Harris's Sparrow","BEST GUESS",NA,NA,NA,NA
10,"Bank Swallow","LOWEST",NA,NA,"5",NA
10,"Bank Swallow","HIGHEST",NA,NA,NA,NA
10,"Bank Swallow","BEST GUESS",NA,NA,NA,NA
10,"Rusty Blackbird","LOWEST",NA,NA,"5",NA
10,"Rusty Blackbird","HIGHEST",NA,NA,NA,NA
10,"Rusty Blackbird","BEST GUESS",NA,NA,NA,NA
10,"Northern Myotis","LOWEST",NA,NA,"5",NA
10,"Northern Myotis","HIGHEST",NA,NA,NA,NA
10,"Northern Myotis","BEST GUESS",NA,NA,NA,NA
10,"Little Brown Myotis","LOWEST",NA,NA,"5",NA
10,"Little Brown Myotis","HIGHEST",NA,NA,NA,NA
10,"Little Brown Myotis","BEST GUESS",NA,NA,NA,NA
10,"Wolverine","LOWEST",NA,NA,"5",NA
10,"Wolverine","HIGHEST",NA,NA,NA,NA
10,"Wolverine","BEST GUESS",NA,NA,NA,NA
10,"Grizzly Bear","LOWEST",NA,NA,"5",NA
10,"Grizzly Bear","HIGHEST",NA,NA,NA,NA
10,"Grizzly Bear","BEST GUESS",NA,NA,NA,NA
10,"Transverse Lady Beetle","LOWEST","50","50","5","It is my opinion that the terrestrial impact of the program, successful or not, will not be on a scale grand enough to significantly impact the population size of this species."
10,"Transverse Lady Beetle","HIGHEST","60","60",NA,NA
10,"Transverse Lady Beetle","BEST GUESS","50","55",NA,NA
10,"Ashton (Gypsy) Cuckoo Bumble Bee","LOWEST","50","50","5","It is my opinion that the terrestrial impact of the program, successful or not, will not be on a scale grand enough to significantly impact the population size of this species."
10,"Ashton (Gypsy) Cuckoo Bumble Bee","HIGHEST","60","60",NA,NA
10,"Ashton (Gypsy) Cuckoo Bumble Bee","BEST GUESS","50","50",NA,NA
10,"Suckley's Cuckoo Bumble Bee","LOWEST","50","50","5","It is my opinion that the terrestrial impact of the program, successful or not, will not be on a scale grand enough to significantly impact the population size of this species."
10,"Suckley's Cuckoo Bumble Bee","HIGHEST","60","60",NA,NA
10,"Suckley's Cuckoo Bumble Bee","BEST GUESS","50","50",NA,NA
10,"Western Bumble Bee","LOWEST","50","50","5","It is my opinion that the terrestrial impact of the program, successful or not, will not be on a scale grand enough to significantly impact the population size of this species."
10,"Western Bumble Bee","HIGHEST","60","60",NA,NA
10,"Western Bumble Bee","BEST GUESS","50","50",NA,NA
10,"Yellow-banded Bumble Bee","LOWEST","50","50","5","It is my opinion that the terrestrial impact of the program, successful or not, will not be on a scale grand enough to significantly impact the population size of this species."
10,"Yellow-banded Bumble Bee","HIGHEST","60","60",NA,NA
10,"Yellow-banded Bumble Bee","BEST GUESS","50","55",NA,NA
10,"Porsild's Bryum","LOWEST",NA,NA,"5",NA
10,"Porsild's Bryum","HIGHEST",NA,NA,NA,NA
10,"Porsild's Bryum","BEST GUESS",NA,NA,NA,NA
10,"Evening Grosbeak","LOWEST",NA,NA,NA,NA
10,"Evening Grosbeak","HIGHEST",NA,NA,NA,NA
10,"Evening Grosbeak","BEST GUESS",NA,NA,NA,NA
